actuals,predictions
66.08386651445556,33.3522323250558
64.08386651445556,33.385242131737726
67.08386651445556,33.4029688119231
59.08386651445558,34.039580852099625
61.08386651445558,34.01990385705738
58.08386651445557,33.93408272606092
56.08386651445558,34.32506667945038
55.08386651445557,34.197661471978364
54.08386651445558,34.57329761181135
51.08386651445558,33.836224950388115
53.08386651445558,33.69517400762401
59.08386651445558,33.60305478275519
62.08386651445557,37.75763619071583
55.08386651445557,40.304708581550244
43.08386651445557,40.59537988534259
42.08386651445557,39.37643309979972
40.08386651445557,45.74234812014969
40.08386651445557,41.447709524383114
42.08386651445557,39.90544872743108
45.08386651445557,39.226326777233766
42.08386651445557,41.17257605238579
47.08386651445557,39.560982047425036
46.08386651445557,44.52881564152291
47.08386651445557,47.6159699987661
52.083866514455565,49.244457029427394
51.08386651445558,51.456912962306504
50.08386651445557,52.99926917267193
59.08386651445558,51.62809756335042
53.08386651445558,57.59476728416971
45.08386651445557,51.43262297130305
50.08386651445557,48.11915446619119
51.08386651445558,44.149175372680304
52.083866514455565,42.119232362215236
52.083866514455565,39.82316193567151
92.0838665144556,38.647363844866234
82.08386651445558,61.48033785035535
92.0838665144556,81.52076743575506
93.08386651445556,99.37844538619518
83.08386651445556,116.15778357890781
82.08386651445558,123.0214558223548
53.08386651445558,142.02059516360148
38.08386651445557,121.4784365696251
41.08386651445557,55.288715644278895
44.08386651445557,37.015481552146895
43.08386651445557,37.66959063344605
45.08386651445557,36.01074758273643
47.08386651445557,35.8515114902497
40.08386651445557,37.30169834327485
43.08386651445557,36.147970668729215
45.08386651445557,33.005335028772905
49.08386651445558,32.75867599196822
42.08386651445557,34.87598938851505
46.08386651445557,34.46475757677947
49.08386651445558,35.109377874975245
48.08386651445558,37.60612292459641
42.08386651445557,40.05189537958154
45.08386651445557,42.61534653399005
47.08386651445557,43.584294004671136
49.08386651445558,41.46128410390928
49.08386651445558,39.74595792964588
47.08386651445557,38.56797422480325
45.08386651445557,38.005821033546596
45.08386651445557,37.81024455937984
55.08386651445557,41.0046662337508
57.08386651445557,41.43432253733074
55.08386651445557,42.286965908611926
50.08386651445557,41.75033337967389
50.08386651445557,41.508046379532175
48.08386651445558,40.96443249965127
48.08386651445558,38.98963359059943
50.08386651445557,37.35676886315742
48.08386651445558,36.39341520598373
48.08386651445558,35.0472419109719
52.083866514455565,35.238733397304124
50.08386651445557,35.336945334630045
47.08386651445557,35.35190987735644
52.083866514455565,35.639464882036684
49.08386651445558,35.428604472785125
54.08386651445558,34.14364939411389
48.08386651445558,34.23140871114349
74.08386651445556,33.82248622744738
85.08386651445558,37.14446754964594
84.08386651445556,38.455363756525315
87.08386651445558,37.840615134016645
87.08386651445558,38.30784006482703
91.08386651445556,37.50799103750715
93.08386651445556,37.76081232535836
98.08386651445556,37.603354318431435
96.0838665144556,40.08306322223197
100.08386651445556,43.092719247326855
102.08386651445556,41.98858067292302
98.08386651445556,42.74792428049167
94.08386651445556,43.74818513970803
94.08386651445556,43.30727975640637
93.08386651445556,43.997734879503305
91.08386651445556,46.47616136234074
93.08386651445556,44.99611172809922
88.08386651445556,42.59875753747119
94.08386651445556,41.64002415355294
94.08386651445556,41.23505728357151
90.08386651445556,41.37143377766747
94.08386651445556,41.58437387589576
123.08386651445556,41.10104833586897
161.08386651445556,45.863118861037705
184.0838665144556,56.09939975413693
92.0838665144556,70.89077845545509
92.0838665144556,42.08076943638127
94.08386651445556,39.26697612569334
88.08386651445556,40.643458542635045
94.08386651445556,42.02724736299576
88.08386651445556,41.516533321794896
86.08386651445558,39.186824006911436
83.08386651445556,38.049398280056224
87.08386651445558,36.600256931637176
85.08386651445558,37.890174316393235
91.08386651445556,38.730295081460355
90.08386651445556,40.16587559635347
93.08386651445556,41.879552250588674
93.08386651445556,42.38723893738484
92.0838665144556,43.76107565357544
91.08386651445556,44.18493437940922
91.08386651445556,44.44430199772527
84.08386651445556,45.69215743035055
87.08386651445558,45.74221712885334
89.08386651445556,46.996832359241225
86.08386651445558,47.63662457700153
84.08386651445556,50.02836069647471
91.08386651445556,49.3702733609899
88.08386651445556,51.16114431819173
92.0838665144556,49.835531805178434
89.08386651445556,48.609579411045225
97.0838665144556,47.02246945826771
143.0838665144556,50.78328779502667
90.08386651445556,59.95209635646649
89.08386651445556,49.96084681202649
90.08386651445556,49.312048538347526
82.08386651445558,49.104102281145785
80.08386651445558,48.93199588949787
86.08386651445558,47.99447015817745
81.08386651445558,46.71216239743383
70.08386651445558,44.97661828258953
73.08386651445556,42.74924874804372
70.08386651445558,41.93393951340073
78.08386651445556,41.831326430234874
80.08386651445558,42.28164216357975
85.08386651445558,41.50798169247224
81.08386651445558,41.71810628641711
80.08386651445558,40.18386506771981
81.08386651445558,39.4832759080967
78.08386651445556,39.05956434532426
75.08386651445558,38.10943191461187
74.08386651445556,37.9340289086723
65.08386651445556,38.397068586705274
68.08386651445556,37.88644268162356
63.08386651445557,36.639973169257274
60.08386651445557,36.02259825211547
58.08386651445557,36.264780135784804
58.08386651445557,35.69451276144827
58.08386651445557,35.48447872938731
53.08386651445558,34.28506501017835
53.08386651445558,34.274899438710456
57.08386651445557,34.236717901587184
47.08386651445557,34.30132491127983
67.08386651445556,34.348422751026106
66.08386651445556,37.70717381526498
68.08386651445556,36.10543003235495
66.08386651445556,35.83410501101097
68.08386651445556,35.30526322985317
69.08386651445556,34.76676367064792
73.08386651445556,34.6182729074037
75.08386651445558,35.942837490046145
71.08386651445556,36.93535449960071
75.08386651445558,36.538339286461095
68.08386651445556,35.739075677033576
66.08386651445556,35.95201658385011
68.08386651445556,35.9082436589842
67.08386651445556,37.15503013794414
72.08386651445558,36.84964091084139
74.08386651445556,36.99398280777939
65.08386651445556,35.18972809787818
66.08386651445556,35.874039567458325
67.08386651445556,35.782382046479746
73.08386651445556,35.683992219739025
78.08386651445556,41.225528879643925
69.08386651445556,41.77650091259179
70.08386651445558,39.15769218947227
71.08386651445556,37.78470449094325
68.08386651445556,37.90926023342538
70.08386651445558,37.46115356317709
66.08386651445556,37.20207622804247
63.08386651445557,37.62156291721329
63.08386651445557,36.33589466370634
63.08386651445557,36.33087818220882
77.08386651445556,36.940413027687185
74.08386651445556,40.14353106867739
73.08386651445556,38.62034810287501
70.08386651445558,38.32931131719407
68.08386651445556,38.42558992001635
68.08386651445556,36.50301610879845
68.08386651445556,34.93407351680207
67.08386651445556,35.04871839311478
69.08386651445556,34.983034343874316
66.08386651445556,35.881632211117534
68.08386651445556,37.954410184079535
64.08386651445556,37.5092346462343
73.08386651445556,36.819077892201285
68.08386651445556,38.27957181963793
68.08386651445556,40.85333247422268
71.08386651445556,40.903975973441334
65.08386651445556,39.071833054828105
59.08386651445558,39.26894746384468
63.08386651445557,38.81000490246999
60.08386651445557,38.3779147482602
61.08386651445558,38.49426736295505
71.08386651445556,38.76499483758293
65.08386651445556,40.32889022172832
60.08386651445557,41.08594067302248
66.08386651445556,40.07153113662308
62.08386651445557,41.42114901757614
61.08386651445558,41.065441343730875
60.08386651445557,42.527064868951534
64.08386651445556,40.96188059513705
64.08386651445556,43.683051739065206
66.08386651445556,41.847949387460204
59.08386651445558,40.601971496749385
62.08386651445557,40.17206453081221
66.08386651445556,40.862129914373064
63.08386651445557,42.971523189019805
61.08386651445558,43.10472516564973
66.08386651445556,43.92353558741139
70.08386651445558,44.23582530663211
76.08386651445558,47.13774503341473
74.08386651445556,50.09046027400684
72.08386651445558,48.138916362999595
73.08386651445556,47.39776437385956
75.08386651445558,44.78352740870055
79.08386651445556,43.69066217166589
73.08386651445556,42.99781847888107
71.08386651445556,42.3649542452392
71.08386651445556,44.10363406531357
72.08386651445558,43.15217797563737
70.08386651445558,43.98911209441472
68.08386651445556,42.83688677683594
71.08386651445556,43.13787566668701
67.08386651445556,42.695991891603924
67.08386651445556,40.792617199773034
64.08386651445556,38.48761753319432
65.08386651445556,36.746623533550974
65.08386651445556,35.833427414058214
63.08386651445557,36.380681558236645
64.08386651445556,36.92179609183953
65.08386651445556,36.89223006251059
78.08386651445556,35.675921700424595
76.08386651445558,38.01260913189793
73.08386651445556,36.73057224821776
79.08386651445556,36.140545402837574
69.08386651445556,35.517186932652315
74.08386651445556,34.69827462877127
73.08386651445556,34.521019147152984
73.08386651445556,34.38216513866173
74.08386651445556,34.30802163915901
75.08386651445558,34.308888445762065
74.08386651445556,34.454171539422035
71.08386651445556,34.52815574703968
65.08386651445556,34.926002188899396
67.08386651445556,34.74552124875539
71.08386651445556,34.82897725912318
70.08386651445558,34.954233239029044
68.08386651445556,33.68399042355048
70.08386651445558,33.63366469951373
62.08386651445557,34.04998172274801
59.08386651445558,33.53956928496407
62.08386651445557,33.46312535189261
62.08386651445557,33.41674553851155
57.08386651445557,33.40132495201265
54.08386651445558,35.00984793880326
56.08386651445558,35.20184802714419
55.08386651445557,35.09715606358985
55.08386651445557,34.75070591660872
52.083866514455565,34.11749156425498
44.08386651445557,35.85176700413642
46.08386651445557,35.33667122321359
46.08386651445557,35.26855332334328
45.08386651445557,35.24648128990716
44.08386651445557,35.05634823183345
42.08386651445557,35.46312957384589
41.08386651445557,35.38507089004095
41.08386651445557,35.32627277832996
35.08386651445557,37.066720980905146
37.08386651445557,36.25877960238812
38.08386651445557,34.99884628708579
40.08386651445557,34.91282139185055
40.08386651445557,34.83352395084796
40.08386651445557,34.95149535921753
40.08386651445557,35.82141340985284
40.08386651445557,34.43489317838661
37.08386651445557,34.30971239718791
38.08386651445557,34.12448100108034
40.08386651445557,33.87723250344205
39.08386651445557,33.740839837581106
40.08386651445557,33.79901452775203
35.08386651445557,35.863692872222636
33.08386651445557,35.25548411147282
35.08386651445557,35.870706566695475
36.08386651445557,35.073351225535866
33.08386651445557,34.70868762824339
31.083866514455572,37.96636839569572
31.083866514455572,36.224252075562596
31.083866514455572,35.62239477550959
30.083866514455572,35.28666731729999
31.083866514455572,34.99330584040284
31.083866514455572,34.941815749287365
32.08386651445557,35.02532270071485
31.083866514455572,36.99077918113639
31.083866514455572,36.7957323322728
31.083866514455572,36.14337222735649
31.083866514455572,34.64005223189365
30.083866514455572,34.228829314628804
31.083866514455572,34.297508374744
31.083866514455572,34.17567029736715
31.083866514455572,34.148678813023395
32.08386651445557,32.86400471876873
31.083866514455572,34.76064993489635
31.083866514455572,34.16711785945625
31.083866514455572,34.03263346186322
30.083866514455572,33.577483179376884
31.083866514455572,32.97275215668652
31.083866514455572,32.70440274009928
31.083866514455572,32.89394714592764
31.083866514455572,32.85290239781425
32.08386651445557,32.86282134986615
31.083866514455572,34.754828908090964
30.083866514455572,34.16712756251523
31.083866514455572,34.03096615289354
31.083866514455572,33.57241737399617
31.083866514455572,32.96827581213941
31.083866514455572,32.70021425296886
31.083866514455572,32.89174778589004
31.083866514455572,32.851170401784636
32.08386651445557,32.86163434231645
30.083866514455572,34.74902162728581
31.083866514455572,34.16714373428022
31.083866514455572,34.029295609570866
31.083866514455572,33.56734267414471
31.083866514455572,32.9637994675923
41.08386651445557,32.69602212719131
32.08386651445557,43.36738050378669
32.08386651445557,35.52135682225301
32.08386651445557,36.635839666127794
31.083866514455572,34.59382524169167
31.083866514455572,33.11759618692722
31.083866514455572,32.316699229236484
31.083866514455572,31.250322938948756
36.08386651445557,30.14346023073365
37.08386651445557,40.05142801557355
31.083866514455572,43.22130580223083
31.083866514455572,33.03531586387364
31.083866514455572,32.87771797117962
31.083866514455572,32.507397086202204
31.083866514455572,32.057486051276015
31.083866514455572,31.926164042325286
30.083866514455572,31.089189089841355
31.083866514455572,32.23584889450147
31.083866514455572,31.24111554455607
31.083866514455572,31.103322808141783
31.083866514455572,31.393479849807683
34.08386651445557,32.45567250449449
58.08386651445557,38.8981644706829
61.08386651445558,44.3300808216551
55.08386651445557,40.10297551645471
56.08386651445558,38.10986855226639
50.08386651445557,38.273332752707745
51.08386651445558,37.37378479427183
46.08386651445557,36.76118054779981
49.08386651445558,38.87879716494006
55.08386651445557,42.656631432813434
54.08386651445558,44.07301121114304
53.08386651445558,42.39296212501209
51.08386651445558,42.75694165664581
51.08386651445558,43.930880803066366
51.08386651445558,43.59564334933573
51.08386651445558,43.587360171311786
44.08386651445557,42.6803683494545
40.08386651445557,41.860875479210584
41.08386651445557,41.33561170105512
50.08386651445557,41.15607438339783
35.08386651445557,49.33015768077473
40.08386651445557,44.631606614103575
45.08386651445557,55.08966709217043
32.08386651445557,52.93308137295226
75.08386651445558,42.97072753818267
59.08386651445558,47.47538884577473
58.08386651445557,40.868938227430625
60.08386651445557,39.02751595007054
58.08386651445557,37.76564930026457
60.08386651445557,37.500363624553245
61.08386651445558,35.57185477558682
53.08386651445558,34.83111759221859
42.08386651445557,37.604191207269274
59.08386651445558,39.94135813157433
60.08386651445557,47.751764309322695
69.08386651445556,44.87125276502367
74.08386651445556,50.25041196709403
72.08386651445558,51.020252667312704
64.08386651445556,49.87341901617903
59.08386651445558,47.6600704018729
69.08386651445556,45.88205599783201
68.08386651445556,49.98277572534252
65.08386651445556,48.371298157089626
62.08386651445557,46.75314811860504
59.08386651445558,45.481927719933296
53.08386651445558,47.33672566411027
51.08386651445558,47.98733194111425
51.08386651445558,45.830244897181636
51.08386651445558,44.5415444377405
51.08386651445558,42.32356584711992
45.08386651445557,43.99166399892894
45.08386651445557,41.42839396828822
46.08386651445557,39.63649448683351
45.08386651445557,38.386783344176514
46.08386651445557,37.626137100938536
46.08386651445557,37.02528325890269
46.08386651445557,35.29019195347789
45.08386651445557,35.09837056314002
45.08386651445557,35.249461746193404
46.08386651445557,34.63867601469365
45.08386651445557,33.992768444005286
45.08386651445557,33.41370848104786
46.08386651445557,33.43676375779492
66.08386651445556,33.58613345646593
66.08386651445556,38.243392347019466
64.08386651445556,35.39959717793633
60.08386651445557,35.75704331651719
61.08386651445558,35.24170576770788
59.08386651445558,34.82408044868653
62.08386651445557,34.52499740133864
56.08386651445558,35.039879714963696
55.08386651445557,34.81322515144215
55.08386651445557,34.71491537493809
55.08386651445557,34.68458522971373
55.08386651445557,34.9012949663594
56.08386651445558,35.0768879905375
54.08386651445558,34.9658469920511
56.08386651445558,34.924739174054274
62.08386651445557,35.18353269471345
69.08386651445556,36.90106793207343
66.08386651445556,36.36934595957228
62.08386651445557,35.52397907394489
58.08386651445557,35.89932735636119
50.08386651445557,36.38424743241524
51.08386651445558,36.97828487551105
51.08386651445558,36.00380180967652
49.08386651445558,35.782840516016996
46.08386651445557,36.750336570790914
45.08386651445557,36.63201746947422
45.08386651445557,36.74834340075684
46.08386651445557,36.76098810379652
50.08386651445557,36.69492725243197
75.08386651445558,41.332126685701425
68.08386651445556,44.078179707231385
62.08386651445557,40.61563016945345
70.08386651445558,40.59839106798229
72.08386651445558,46.31125787481596
62.08386651445557,46.87071846720305
61.08386651445558,44.363372017047716
55.08386651445557,43.104768829415185
53.08386651445558,46.10749363603864
78.08386651445556,49.45470614596262
65.08386651445556,52.94312080465329
76.08386651445558,50.052890029599894
80.08386651445558,53.05115789779422
65.08386651445556,58.44003309626596
62.08386651445557,55.56279471719937
62.08386651445557,51.76424118403064
57.08386651445557,52.93797818338891
65.08386651445556,51.63065270221763
59.08386651445558,55.70666520718814
60.08386651445557,54.26108083847695
52.083866514455565,57.8109093918645
48.08386651445558,60.63925729103652
45.08386651445557,59.48900169443259
40.08386651445557,60.546289048506125
45.08386651445557,54.38388922175274
42.08386651445557,57.3983191518704
47.08386651445557,54.03084665477657
44.08386651445557,58.42708921557411
44.08386651445557,56.962357477123845
43.08386651445557,59.17292131350002
44.08386651445557,57.76217739526676
44.08386651445557,58.61727564047226
42.08386651445557,62.36882755589635
50.08386651445557,59.48841951089322
44.08386651445557,68.13088240310026
43.08386651445557,61.921904658844774
43.08386651445557,58.422658151968946
44.08386651445557,56.75639064395594
41.08386651445557,57.51198401922518
40.08386651445557,52.94159095568596
41.08386651445557,47.74572577227829
41.08386651445557,46.51156135588705
41.08386651445557,44.274120046110255
40.08386651445557,42.48336875996929
41.08386651445557,41.23932016082085
41.08386651445557,40.75817295753718
41.08386651445557,40.37898711529057
41.08386651445557,40.09645182646084
39.08386651445557,39.71841903105748
51.08386651445558,39.83889706299931
45.08386651445557,42.71510044910704
46.08386651445557,39.22493600544529
46.08386651445557,37.625716635049
46.08386651445557,35.746416849747305
46.08386651445557,35.589802200364204
45.08386651445557,35.16307136906956
45.08386651445557,33.94409951729097
42.08386651445557,33.916950358238644
36.08386651445557,37.01459695660236
36.08386651445557,36.174734939774964
36.08386651445557,36.0621058739673
36.08386651445557,35.87842211576854
36.08386651445557,35.54655970938972
36.08386651445557,35.36468718886898
32.08386651445557,35.366194397365334
31.083866514455572,37.72995821494858
31.083866514455572,36.318138874343994
31.083866514455572,36.13729326089963
31.083866514455572,35.876602792208026
31.083866514455572,35.65461701723687
31.083866514455572,35.44890974089694
30.083866514455572,35.39844574826958
31.083866514455572,35.28045493378203
31.083866514455572,33.9266000504036
31.083866514455572,33.99924038435121
31.083866514455572,34.139688928869724
31.083866514455572,34.27244456478614
31.083866514455572,34.19738574338542
31.083866514455572,34.12328429047165
31.083866514455572,34.16535675424967
35.08386651445557,34.70485977147207
31.083866514455572,41.75575577247246
31.083866514455572,35.73771805736331
31.083866514455572,34.488492067655784
31.083866514455572,33.078093416604894
31.083866514455572,32.19910704875575
31.083866514455572,31.495946174206324
30.083866514455572,30.87766402104902
31.083866514455572,30.371885602520763
31.083866514455572,30.02911170201424
31.083866514455572,29.92234126236555
31.083866514455572,30.06646564906454
31.083866514455572,30.43305328209579
32.08386651445557,30.572361312888923
30.083866514455572,33.46251891070577
31.083866514455572,35.08241630839671
31.083866514455572,33.972826232017326
31.083866514455572,33.63501342471326
31.083866514455572,33.448779379176784
31.083866514455572,33.34547737882268
31.083866514455572,33.28799726595775
31.083866514455572,33.278074270964595
30.083866514455572,33.28813391737185
31.083866514455572,33.33756938574632
31.083866514455572,33.43157504700034
31.083866514455572,33.5162981151545
31.083866514455572,33.55808676445708
31.083866514455572,33.585058842682855
31.083866514455572,33.512651382150985
30.083866514455572,32.87729103658409
31.083866514455572,32.87729103658409
31.083866514455572,32.87729103658409
31.083866514455572,32.87729103658409
31.083866514455572,32.87729103658409
31.083866514455572,32.87729103658409
31.083866514455572,32.87729103658409
31.083866514455572,32.877286185054594
30.083866514455572,32.877286185054594
31.083866514455572,32.87729103658409
31.083866514455572,32.87729103658409
31.083866514455572,32.87729103658409
31.083866514455572,32.87729103658409
31.083866514455572,32.87729103658409
31.083866514455572,32.87729103658409
31.083866514455572,32.87729103658409
30.083866514455572,32.87729103658409
31.083866514455572,32.87729103658409
31.083866514455572,32.87729103658409
31.083866514455572,32.87729103658409
31.083866514455572,32.87729103658409
31.083866514455572,32.87729103658409
31.083866514455572,32.87729103658409
30.083866514455572,32.87729103658409
29.083866514455572,32.87729103658409
31.083866514455572,32.87729103658409
31.083866514455572,32.87729103658409
31.083866514455572,32.87729103658409
30.083866514455572,32.87729103658409
31.083866514455572,32.87729103658409
31.083866514455572,32.87729103658409
31.083866514455572,32.87729103658409
31.083866514455572,32.87729103658409
31.083866514455572,32.87729103658409
31.083866514455572,32.87729103658409
37.08386651445557,32.87729103658409
36.08386651445557,43.09706136622461
47.08386651445557,43.53860229989007
31.083866514455572,51.22761350662209
31.083866514455572,35.8309215990742
31.083866514455572,33.43312511067389
31.083866514455572,31.558864851634816
31.083866514455572,30.03582055871716
30.083866514455572,28.880124376079042
31.083866514455572,28.04861062862964
31.083866514455572,27.495090734108807
31.083866514455572,27.273559790027782
30.083866514455572,27.595571570061747
29.083866514455572,28.667390872148403
31.083866514455572,31.10214833370994
31.083866514455572,34.43252967493444
31.083866514455572,34.1443722720086
31.083866514455572,33.803228889706425
30.083866514455572,32.87729103658409
31.083866514455572,32.87729103658409
31.083866514455572,32.87729103658409
31.083866514455572,32.87729103658409
31.083866514455572,32.87729103658409
31.083866514455572,32.87729103658409
31.083866514455572,32.87729103658409
31.083866514455572,32.87729103658409
30.083866514455572,32.87729103658409
31.083866514455572,32.87729103658409
31.083866514455572,32.87729103658409
31.083866514455572,32.87729103658409
35.08386651445557,32.87729103658409
36.08386651445557,37.96391837330089
36.08386651445557,35.53801778312605
35.08386651445557,35.21270817591807
36.08386651445557,34.84216290770152
36.08386651445557,34.44801009696377
36.08386651445557,34.1968997818477
36.08386651445557,34.053215267156226
35.08386651445557,33.91493050479235
36.08386651445557,33.780004618015305
35.08386651445557,33.79702297489446
36.08386651445557,34.08244249800879
36.08386651445557,34.389537846317175
36.08386651445557,34.22352174136161
36.08386651445557,34.14622313051083
36.08386651445557,34.155254252665216
35.08386651445557,32.87729103658409
36.08386651445557,32.87729103658409
35.08386651445557,32.87729103658409
36.08386651445557,32.87729103658409
36.08386651445557,32.87729103658409
36.08386651445557,32.87729103658409
36.08386651445557,32.87729103658409
36.08386651445557,32.87729103658409
35.08386651445557,32.87729103658409
36.08386651445557,32.87729103658409
35.08386651445557,32.87729103658409
36.08386651445557,32.87729103658409
36.08386651445557,32.87729103658409
37.08386651445557,32.87729103658409
36.08386651445557,34.34099020784023
36.08386651445557,33.67237181899893
35.08386651445557,33.47515067633347
40.08386651445557,33.291622167078536
35.08386651445557,43.8504165692203
36.08386651445557,34.653093951763644
36.08386651445557,35.06903498146208
36.08386651445557,35.58435878427116
36.08386651445557,35.27972477859308
36.08386651445557,34.87242513151295
48.08386651445558,34.49221399936646
59.08386651445558,39.089993946903256
60.08386651445557,38.46169257675115
59.08386651445558,37.831380247623486
64.08386651445556,38.09088936888313
55.08386651445557,40.90770194809326
56.08386651445558,39.327454483786
56.08386651445558,38.7032623591159
50.08386651445557,40.01814490606342
66.08386651445556,42.22396394659378
67.08386651445556,47.61841516963142
56.08386651445558,50.432907100566595
51.08386651445558,47.8515796771466
57.08386651445557,50.48050060490958
56.08386651445558,50.20129508248971
60.08386651445557,48.44766123133618
53.08386651445558,51.808448320786326
60.08386651445557,50.558367653299484
59.08386651445558,52.883463163633486
57.08386651445557,56.68848863714814
44.08386651445557,58.7974970237883
37.08386651445557,61.610171248339455
37.08386651445557,59.598862962663524
36.08386651445557,55.52124621860677
42.08386651445557,50.782213989831845
41.08386651445557,56.07139349154054
36.08386651445557,57.86973256981122
36.08386651445557,49.17700459768611
36.08386651445557,45.3157466629749
37.08386651445557,42.14217686237216
36.08386651445557,41.66106685414795
43.08386651445557,39.47761659894114
52.083866514455565,41.08798801846923
44.08386651445557,47.14072063817147
44.08386651445557,42.10806899284793
46.08386651445557,40.501696850799966
53.08386651445558,38.94227619402519
72.08386651445558,42.78040203610567
70.08386651445558,40.316242284335644
68.08386651445556,39.81387610821866
65.08386651445556,38.170927476721914
59.08386651445558,37.35235397131724
56.08386651445558,37.7125525442981
55.08386651445557,37.74925436492549
57.08386651445557,38.015979327720245
51.08386651445558,39.312696939651374
56.08386651445558,39.04158053407566
58.08386651445557,41.49414836470636
59.08386651445558,38.74281849626267
56.08386651445558,39.09377733132087
56.08386651445558,38.59954636157824
55.08386651445557,38.43813759246614
56.08386651445558,36.375823560035954
56.08386651445558,35.89591673112642
55.08386651445557,36.183534805690094
54.08386651445558,36.179422325855086
54.08386651445558,35.45746379598434
56.08386651445558,35.017408238932504
56.08386651445558,35.30421449089407
51.08386651445558,35.160615686556994
47.08386651445557,35.62562346838831
51.08386651445558,35.519632103517644
48.08386651445558,37.26609943701926
47.08386651445557,36.03021191906915
47.08386651445557,35.11316611092235
46.08386651445557,34.745054693335646
49.08386651445558,34.46548854055667
45.08386651445557,34.32739379643134
48.08386651445558,34.293802614798295
47.08386651445557,34.336061053873614
51.08386651445558,34.41994885036644
50.08386651445557,34.541853231979715
45.08386651445557,34.66578878727477
45.08386651445557,34.932828290898435
51.08386651445558,34.804212626817495
54.08386651445558,37.9623577979801
51.08386651445558,41.33790647450611
51.08386651445558,37.286141913950104
47.08386651445557,36.659410013589536
44.08386651445557,37.29094331097336
41.08386651445557,37.99650447974028
39.08386651445557,37.402717699001705
41.08386651445557,37.06731448468
39.08386651445557,36.760970314855044
41.08386651445557,36.621681285885764
38.08386651445557,36.6830482824642
36.08386651445557,39.07103982975572
36.08386651445557,38.878371847521024
36.08386651445557,38.94832443412858
35.08386651445557,39.01938963816691
44.08386651445557,37.15343802768163
50.08386651445557,40.88933244024984
45.08386651445557,42.00178653620759
41.08386651445557,41.949858998849336
41.08386651445557,40.07999220406183
49.08386651445558,38.17826945802389
46.08386651445557,43.41307059139126
52.083866514455565,40.629051117212285
51.08386651445558,45.251395975757234
47.08386651445557,46.31220554024392
53.08386651445558,45.666353762144745
51.08386651445558,45.748014706599506
46.08386651445557,46.058836029559814
43.08386651445557,45.069903491713575
41.08386651445557,46.18856916260104
40.08386651445557,45.54121017600551
40.08386651445557,43.51653107504219
39.08386651445557,41.45615442005688
36.08386651445557,42.525680565869045
35.08386651445557,42.878784585552154
31.083866514455572,47.05438928798982
31.083866514455572,44.05295498821195
31.083866514455572,44.346656880761984
32.08386651445557,42.261213990054074
57.08386651445557,45.122028324604614
49.08386651445558,47.96216544044876
47.08386651445557,43.688734497279995
48.08386651445558,42.96014473517824
43.08386651445557,46.26507293120293
41.08386651445557,44.63201737693413
40.08386651445557,43.71123265672341
46.08386651445557,43.088441815489034
46.08386651445557,45.14827186481793
44.08386651445557,42.63784145908047
41.08386651445557,43.76142819805205
41.08386651445557,41.897740634664295
41.08386651445557,41.74173161787979
41.08386651445557,41.867805080505505
47.08386651445557,42.61835771662976
51.08386651445558,43.791056488676176
51.08386651445558,44.61165065611539
59.08386651445558,42.600711086681045
58.08386651445557,45.580514033618556
57.08386651445557,46.91844619719539
61.08386651445558,44.71679462050098
61.08386651445558,43.651772311236385
58.08386651445557,43.470936400851016
62.08386651445557,45.08022107777231
57.08386651445557,44.30531538076116
55.08386651445557,42.68427383069773
54.08386651445558,42.11220087880092
50.08386651445557,42.75697238299928
45.08386651445557,44.649731928295765
49.08386651445558,44.48001895786524
59.08386651445558,45.63234454038691
57.08386651445557,46.623500695918224
55.08386651445557,48.14913691846842
58.08386651445557,48.96725680586533
53.08386651445558,48.65490239958469
55.08386651445557,46.43710978426142
55.08386651445557,47.957643814959695
56.08386651445558,45.876615816091956
56.08386651445558,42.97823447148747
53.08386651445558,42.068973751003156
50.08386651445557,43.17779728572238
49.08386651445558,43.708837618329525
51.08386651445558,43.035476050818914
49.08386651445558,42.73586176099135
46.08386651445557,44.63411162049934
46.08386651445557,42.7449616131469
46.08386651445557,41.113639672084204
45.08386651445557,39.163315112156624
45.08386651445557,37.43365913694239
45.08386651445557,35.75717915934304
47.08386651445557,36.54972016606741
51.08386651445558,36.288186339831974
48.08386651445558,40.586275181657534
44.08386651445557,42.31446437778787
43.08386651445557,41.619418090612456
46.08386651445557,43.57623723135694
45.08386651445557,41.62455424317085
44.08386651445557,40.670483179097005
46.08386651445557,39.75758866302117
47.08386651445557,38.19045650011457
45.08386651445557,39.572041108908195
47.08386651445557,39.56161274625934
45.08386651445557,41.326044484891575
47.08386651445557,41.89035013806737
45.08386651445557,42.61706559260767
45.08386651445557,41.22081966168107
46.08386651445557,40.4108988591302
46.08386651445557,38.46304534489192
45.08386651445557,37.01471662766323
46.08386651445557,35.57159360158236
46.08386651445557,34.21921520034681
46.08386651445557,35.12958287814416
45.08386651445557,35.07308600859015
45.08386651445557,35.22812310229922
46.08386651445557,35.019787105561406
46.08386651445557,34.08213442588587
45.08386651445557,33.79619740629211
47.08386651445557,32.85163857438088
43.08386651445557,33.53641093926302
41.08386651445557,34.82891984935749
40.08386651445557,34.357319647531135
41.08386651445557,34.12284280128763
41.08386651445557,33.850548282632964
41.08386651445557,33.63764861381713
38.08386651445557,33.43590422848611
40.08386651445557,36.043442040001196
40.08386651445557,38.90398064595879
41.08386651445557,37.38479372328354
40.08386651445557,37.00987156687453
41.08386651445557,36.57892718221374
41.08386651445557,36.26673530217117
40.08386651445557,36.04499695520425
38.08386651445557,36.07801727353341
37.08386651445557,37.387077985087295
39.08386651445557,35.93432629013594
39.08386651445557,35.929858031471326
37.08386651445557,35.79668192966537
38.08386651445557,35.516656498760895
32.08386651445557,37.4370309499412
37.08386651445557,36.808841164967475
32.08386651445557,37.01741246088579
34.08386651445557,34.98239475056927
33.08386651445557,34.639069797170976
35.08386651445557,34.32118303008988
35.08386651445557,34.06454763146759
36.08386651445557,33.86872777223785
37.08386651445557,33.66500558004948
35.08386651445557,35.09926162739055
36.08386651445557,35.02875111489111
32.08386651445557,34.89835170513261
32.08386651445557,34.65753633560429
34.08386651445557,34.57808121989312
34.08386651445557,34.03053921829801
41.08386651445557,32.77930105673256
36.08386651445557,36.25616381940222
35.08386651445557,37.50457879509588
33.08386651445557,36.58772300518763
34.08386651445557,36.14873316744813
33.08386651445557,37.72995659777208
38.08386651445557,36.474627383960225
39.08386651445557,40.12490119541775
39.08386651445557,39.348224690141045
38.08386651445557,38.93990541327878
41.08386651445557,38.344964777108714
39.08386651445557,37.80741692627268
38.08386651445557,37.63142284232301
40.08386651445557,37.54891854032443
40.08386651445557,37.657040535231516
50.08386651445557,37.371467380349856
44.08386651445557,43.60590918574651
41.08386651445557,39.373565845868356
40.08386651445557,38.35334094278131
34.08386651445557,41.254925914028796
35.08386651445557,38.45727202479323
34.08386651445557,37.50879962575627
37.08386651445557,35.341943218597834
35.08386651445557,36.05291869428084
42.08386651445557,35.37104754403653
44.08386651445557,38.503668009939275
42.08386651445557,37.35365903275132
45.08386651445557,37.41338297800755
45.08386651445557,37.76841305490005
47.08386651445557,37.76908903467631
44.08386651445557,38.409963143513934
43.08386651445557,37.18543063034617
45.08386651445557,35.719291948342445
46.08386651445557,35.66641351120323
43.08386651445557,34.23928355210163
41.08386651445557,34.22526424903845
41.08386651445557,34.02269348651683
39.08386651445557,35.60135126632633
39.08386651445557,36.66043045195992
36.08386651445557,36.157157039827425
39.08386651445557,34.46295604216044
37.08386651445557,34.095674236117326
38.08386651445557,33.79493600862349
41.08386651445557,33.559885873311366
44.08386651445557,33.44847939293636
41.08386651445557,36.72581128060696
57.08386651445557,35.84580366579919
40.08386651445557,44.03396610176971
49.08386651445558,38.26098561014374
55.08386651445557,44.44348532359366
61.08386651445558,49.061677272891146
49.08386651445558,52.34389222499816
57.08386651445557,43.451769624993965
51.08386651445558,47.61654247924647
50.08386651445557,50.589417442065546
41.08386651445557,51.052366558214615
46.08386651445557,45.741316361543824
50.08386651445557,48.08945340262464
42.08386651445557,60.83882980833042
43.08386651445557,48.598708750624105
39.08386651445557,45.95311149881136
48.08386651445558,44.5197659218388
48.08386651445558,47.53575804445376
37.08386651445557,48.45064977350491
41.08386651445557,42.644032010715705
41.08386651445557,39.331747278800556
41.08386651445557,36.527145999328575
60.08386651445557,34.60831676029233
52.083866514455565,38.553732559971564
57.08386651445557,36.08664329297498
55.08386651445557,35.515750071333635
54.08386651445558,35.5253407365564
62.08386651445557,37.26021291456569
63.08386651445557,38.957706483583074
63.08386651445557,39.7151895295905
66.08386651445556,40.8103964381946
64.08386651445556,43.013673277269746
59.08386651445558,41.505827613376596
63.08386651445557,39.44450086719858
65.08386651445556,39.588347099539874
58.08386651445557,39.91989658226629
58.08386651445557,39.915822914667245
56.08386651445558,41.23376677672592
54.08386651445558,39.1362120426345
54.08386651445558,39.21117383344532
53.08386651445558,39.211847387456835
53.08386651445558,38.8437618446941
50.08386651445557,38.38219298868628
51.08386651445558,36.82906880860737
50.08386651445557,36.83696467285999
50.08386651445557,35.82021184771465
48.08386651445558,34.48580674608046
40.08386651445557,36.357184792305574
40.08386651445557,36.029983088594655
42.08386651445557,35.81778850873205
43.08386651445557,35.21347552616648
39.08386651445557,34.951379731097916
39.08386651445557,34.332504882754
38.08386651445557,34.352899095573214
41.08386651445557,34.396984944091535
42.08386651445557,34.62469228951343
41.08386651445557,34.59309589509097
39.08386651445557,34.04336585369374
42.08386651445557,34.06872722412727
43.08386651445557,34.01047490948444
41.08386651445557,34.103330758248205
46.08386651445557,33.90873995315712
46.08386651445557,32.87729103658409
46.08386651445557,32.87729103658409
46.08386651445557,32.87729103658409
45.08386651445557,32.87729103658409
46.08386651445557,32.87729103658409
46.08386651445557,32.87729103658409
41.08386651445557,32.87729103658409
43.08386651445557,32.87729103658409
44.08386651445557,32.87729103658409
46.08386651445557,32.87729103658409
46.08386651445557,32.87729103658409
45.08386651445557,32.87729103658409
42.08386651445557,32.87729103658409
43.08386651445557,32.87729103658409
43.08386651445557,32.87729103658409
46.08386651445557,32.87729103658409
42.08386651445557,32.877286185054594
44.08386651445557,32.877286185054594
45.08386651445557,32.87729103658409
41.08386651445557,32.87729103658409
41.08386651445557,32.87729103658409
46.08386651445557,32.87729103658409
43.08386651445557,32.87729103658409
46.08386651445557,32.87729103658409
44.08386651445557,32.87729103658409
44.08386651445557,32.87729103658409
45.08386651445557,32.87729103658409
46.08386651445557,32.87729103658409
44.08386651445557,32.87729103658409
43.08386651445557,32.87729103658409
43.08386651445557,32.87729103658409
44.08386651445557,32.87729103658409
45.08386651445557,32.87729103658409
45.08386651445557,32.87729103658409
40.08386651445557,32.87729103658409
41.08386651445557,32.87729103658409
43.08386651445557,32.87729103658409
46.08386651445557,32.87729103658409
43.08386651445557,32.87729103658409
46.08386651445557,32.87729103658409
45.08386651445557,32.87729103658409
46.08386651445557,32.87729103658409
45.08386651445557,32.87729103658409
46.08386651445557,32.87729103658409
44.08386651445557,32.87729103658409
60.08386651445557,34.245512915972824
65.08386651445556,38.70273192522448
64.08386651445556,36.33182746481328
61.08386651445558,36.54238465347142
70.08386651445558,37.50062318138121
75.08386651445558,37.972924429219546
70.08386651445558,39.569610492631355
74.08386651445556,43.24626045277506
71.08386651445556,42.46819802723937
76.08386651445558,42.003078660229676
67.08386651445556,43.11995735108658
83.08386651445556,44.39503956723611
88.08386651445556,49.666468939700195
86.08386651445558,49.86106702208553
74.08386651445556,49.85854099239529
83.08386651445556,48.90836570650569
82.08386651445558,49.02604764028209
80.08386651445558,49.443056006469355
76.08386651445558,49.68124993289405
86.08386651445558,50.05706881367133
88.08386651445556,50.612788876818
77.08386651445556,51.765292348754485
76.08386651445558,47.77747741564459
73.08386651445556,46.46879835774429
75.08386651445558,46.635391794709726
76.08386651445558,47.22507741584879
77.08386651445556,48.88199279217251
83.08386651445556,45.41373138700283
79.08386651445556,46.54621744824418
74.08386651445556,46.17627053533198
71.08386651445556,47.22639218034185
76.08386651445558,44.8116565767108
76.08386651445558,46.3745428427213
79.08386651445556,44.83027351255846
74.08386651445556,44.68679437928226
75.08386651445558,46.56360694712968
77.08386651445556,46.58608731763161
84.08386651445556,49.7662972449361
83.08386651445556,52.91388225356525
87.08386651445558,49.46720692029396
78.08386651445556,50.48559794523201
90.08386651445556,46.95508171358635
86.08386651445558,49.525182697755604
86.08386651445558,46.46969265634781
77.08386651445556,46.574021563778295
75.08386651445558,45.2884843015677
79.08386651445556,45.12951585179143
84.08386651445556,47.84006538047919
84.08386651445556,48.92082119989508
89.08386651445556,49.030226424353515
89.08386651445556,48.596551437175464
87.08386651445558,47.447440801532274
82.08386651445558,45.63776531600899
79.08386651445556,44.796797959045044
75.08386651445558,44.02385713147926
80.08386651445558,42.90532083471165
84.08386651445556,49.92103192664
73.08386651445556,46.039410505463046
68.08386651445556,45.64099643465246
60.08386651445557,44.01261937199304
60.08386651445557,45.33952562620492
79.08386651445556,48.399834853577445
80.08386651445558,47.47685400768213
74.08386651445556,45.87442939346634
67.08386651445556,44.290453528742404
64.08386651445556,43.37955945999488
83.08386651445556,44.06001881515624
88.08386651445556,50.59564033723075
82.08386651445558,46.99805656185039
78.08386651445556,48.05567381992957
71.08386651445556,47.65281574810183
80.08386651445558,45.511874594327566
79.08386651445556,48.12803923387248
69.08386651445556,47.34482771836642
69.08386651445556,47.315194576212804
64.08386651445556,45.282798308999915
60.08386651445557,43.05066133813732
55.08386651445557,43.296533618575616
56.08386651445558,43.79946580646698
51.08386651445558,43.48410992060562
49.08386651445558,43.48755127219386
45.08386651445557,44.79841836989627
46.08386651445557,41.91336094246073
48.08386651445558,40.79967455801132
74.08386651445556,42.23685607763769
74.08386651445556,47.71370244326029
75.08386651445558,42.76357369746506
65.08386651445556,40.93989346346708
62.08386651445557,40.728780774681795
57.08386651445557,40.9306302764852
59.08386651445558,40.161978200992735
59.08386651445558,39.675515338559364
58.08386651445557,37.86157050708074
58.08386651445557,37.50546177346392
57.08386651445557,36.874416863382564
50.08386651445557,39.38081160516868
51.08386651445558,38.26995689676769
50.08386651445557,38.34225034635643
49.08386651445558,37.976041536919894
51.08386651445558,36.55678480159994
51.08386651445558,34.91779825252386
51.08386651445558,34.94094409115482
48.08386651445558,35.07108070973234
45.08386651445557,35.65146190588882
46.08386651445557,34.83171756469943
44.08386651445557,34.756218871291196
45.08386651445557,34.59666742938731
46.08386651445557,34.48393243851901
47.08386651445557,34.509267125540326
47.08386651445557,34.99623454704114
41.08386651445557,35.038690281649245
41.08386651445557,34.66634105304892
41.08386651445557,34.50378489721132
39.08386651445557,34.32185254116014
40.08386651445557,34.18879934476805
42.08386651445557,34.071114176638666
41.08386651445557,35.10207955743872
40.08386651445557,34.9095312462649
40.08386651445557,33.92704153958761
41.08386651445557,33.81145061502344
41.08386651445557,33.71983594922206
41.08386651445557,33.65112858851815
41.08386651445557,33.55068656480117
41.08386651445557,34.630091233252784
41.08386651445557,34.38624608355502
43.08386651445557,33.435841967190925
46.08386651445557,36.45947848311303
46.08386651445557,35.258768596940726
46.08386651445557,34.80106964429318
52.083866514455565,34.26390991581672
50.08386651445557,36.53643667831092
50.08386651445557,35.86313413774249
48.08386651445558,35.59724929813857
46.08386651445557,36.48176721819992
44.08386651445557,36.137569798080825
46.08386651445557,36.001617004227406
47.08386651445557,35.811666687098
46.08386651445557,36.37171916608344
46.08386651445557,36.404320635699555
45.08386651445557,36.40857542706641
45.08386651445557,36.27566615938266
43.08386651445557,34.793295876866175
39.08386651445557,36.18664787044919
42.08386651445557,35.89563210806273
41.08386651445557,36.460517519013145
48.08386651445558,35.0601421278983
45.08386651445557,37.541872502321624
46.08386651445557,36.627900138109716
45.08386651445557,35.32447771241692
46.08386651445557,34.908675759897335
45.08386651445557,34.54659398488428
46.08386651445557,35.166959061371315
46.08386651445557,35.18150071244342
46.08386651445557,35.18253732257879
42.08386651445557,35.16773611467872
37.08386651445557,35.357809337221994
41.08386651445557,35.076565363826106
47.08386651445557,33.99846575680856
46.08386651445557,36.53271959812974
38.08386651445557,38.19610529762289
37.08386651445557,37.21801673678556
37.08386651445557,35.52089673553926
40.08386651445557,35.05599002723909
36.08386651445557,34.734619861980796
40.08386651445557,34.47952886691433
42.08386651445557,34.386712638974764
40.08386651445557,35.45440328946143
41.08386651445557,35.40279595304983
39.08386651445557,35.37406196102923
41.08386651445557,35.27593492546947
43.08386651445557,35.14078748551216
40.08386651445557,35.25919714871276
42.08386651445557,34.78421623941685
42.08386651445557,34.46050197682437
40.08386651445557,33.50756536206404
37.08386651445557,34.264468650296855
37.08386651445557,33.87557813188436
37.08386651445557,33.66534842146711
43.08386651445557,33.43320273514581
47.08386651445557,36.32354832973058
48.08386651445558,38.075645863210795
46.08386651445557,37.038874818782084
51.08386651445558,36.55835507997972
50.08386651445557,36.06130213724768
59.08386651445558,35.743543127109945
47.08386651445557,40.714391138200526
49.08386651445558,38.40066680441384
51.08386651445558,37.405687643640704
48.08386651445558,37.688610246241765
47.08386651445557,37.22729528694417
46.08386651445557,36.17418105682432
48.08386651445558,35.76174606577405
43.08386651445557,36.65175753439989
43.08386651445557,35.981944860714655
44.08386651445557,34.64005950918789
41.08386651445557,34.56796335513193
40.08386651445557,34.85391492931418
54.08386651445558,36.014252004208096
90.08386651445556,43.119291074369315
79.08386651445556,41.9379048301744
89.08386651445556,39.768596783444636
86.08386651445558,42.15985907020384
84.08386651445556,41.1436544678914
77.08386651445556,41.503663831221964
71.08386651445556,40.68608569795196
60.08386651445557,41.65391084814326
61.08386651445558,41.81486680783586
58.08386651445557,40.404268435487445
57.08386651445557,41.78657592217578
48.08386651445558,43.025782694888505
45.08386651445557,43.57168811386741
46.08386651445557,43.40778565859503
40.08386651445557,46.5551636686324
40.08386651445557,45.14047707409645
50.08386651445557,42.506940724607524
54.08386651445558,46.105174604940174
56.08386651445558,44.299533974779976
60.08386651445557,42.51270434164722
56.08386651445558,42.44223425856024
54.08386651445558,41.34554278193077
53.08386651445558,40.33570662066837
51.08386651445558,39.68813416677507
53.08386651445558,39.8000169056288
52.083866514455565,38.92016615694135
49.08386651445558,38.18514650108262
51.08386651445558,37.24285980215141
46.08386651445557,38.32043140104228
46.08386651445557,37.279089407241315
46.08386651445557,37.39381999390843
42.08386651445557,37.95441099266778
43.08386651445557,36.17409453788166
44.08386651445557,34.955256103164174
48.08386651445558,34.5347279523285
47.08386651445557,33.34855082275757
74.08386651445556,33.2261394563121
90.08386651445556,40.788388283230155
87.08386651445558,36.56712098518839
77.08386651445556,37.62723758954559
67.08386651445556,40.55650619667807
67.08386651445556,39.02981234069802
97.0838665144556,41.37810301354618
84.08386651445556,42.23829051319162
84.08386651445556,41.755550391057184
89.08386651445556,43.39317123458051
86.08386651445558,45.34570647478117
85.08386651445558,43.909750774940456
84.08386651445556,45.57305238125571
90.08386651445556,45.713243794711005
89.08386651445556,51.003003862782556
89.08386651445556,50.00278019862566
90.08386651445556,49.180607666924175
93.08386651445556,50.609683897941395
87.08386651445558,54.31516245493084
82.08386651445558,51.72388292734074
73.08386651445556,51.89341800835646
83.08386651445556,49.19361946902895
77.08386651445556,51.08868187365893
82.08386651445558,47.85956852904788
78.08386651445556,48.77914360123792
79.08386651445556,48.1261924183115
73.08386651445556,47.12209561644133
69.08386651445556,45.9825424939027
58.08386651445557,47.805548365300915
87.08386651445558,46.13466705273845
85.08386651445558,49.64035477360673
78.08386651445556,47.6843151119344
71.08386651445556,47.241134361299736
70.08386651445558,44.20845297722302
62.08386651445557,44.03630453898615
86.08386651445558,42.850558386952
81.08386651445558,46.65523778469604
75.08386651445558,46.38320444004583
76.08386651445558,45.477669694213446
81.08386651445558,43.113999672867095
77.08386651445556,43.3032271121018
77.08386651445556,43.597136003243605
73.08386651445556,43.364587639974246
68.08386651445556,43.347038040615416
66.08386651445556,42.81462795951427
66.08386651445556,40.37400459449952
62.08386651445557,39.070282182566295
71.08386651445556,38.17275812051791
70.08386651445558,42.29356075437172
66.08386651445556,41.625867390487414
69.08386651445556,40.796440205014854
83.08386651445556,39.8476912687967
83.08386651445556,38.60940062657022
74.08386651445556,41.42450951033947
67.08386651445556,41.84734294627337
66.08386651445556,40.17348602895416
60.08386651445557,40.26655615360394
71.08386651445556,39.53904262246176
78.08386651445556,44.22829896720933
74.08386651445556,44.551622681677486
81.08386651445558,43.342965990192866
74.08386651445556,44.515920276126
71.08386651445556,46.37327659352318
51.08386651445558,46.32031729755906
50.08386651445557,44.63073010444153
50.08386651445557,43.66449949027748
80.08386651445558,42.51141060044864
87.08386651445558,47.19453865485616
82.08386651445558,46.06126179430717
79.08386651445556,46.434059789385756
75.08386651445558,49.92620689143434
74.08386651445556,47.68226776648764
77.08386651445556,47.561108903240054
78.08386651445556,48.20071514570306
82.08386651445558,47.51547865116592
74.08386651445556,49.716931315151044
74.08386651445556,48.36741693349387
85.08386651445558,48.94308972027575
78.08386651445556,50.8119085846924
95.08386651445556,50.36874077146972
98.08386651445556,52.937247219611706
106.08386651445556,55.11989858962839
99.08386651445556,53.21412400787412
105.0838665144556,50.26671634054921
100.08386651445556,49.25461613218929
102.08386651445556,47.07087478521281
98.08386651445556,47.73861343003907
91.08386651445556,47.860173353058215
94.08386651445556,47.239879432337105
98.08386651445556,48.83011377010921
99.08386651445556,46.36912368427572
93.08386651445556,45.89421069639273
93.08386651445556,43.78027639013895
90.08386651445556,42.310437608307275
90.08386651445556,40.75711694128383
90.08386651445556,38.62160384042589
90.08386651445556,37.35930136155365
92.0838665144556,36.39170908477809
92.0838665144556,36.371774958672624
95.08386651445556,36.497702066825255
91.08386651445556,36.57617798216674
94.08386651445556,36.46365726718446
90.08386651445556,35.92206000639685
89.08386651445556,35.85890764696437
77.08386651445556,35.187865919140464
97.0838665144556,35.93681674194322
104.08386651445556,39.62681487690334
108.0838665144556,37.83281872611867
107.08386651445556,37.71956947312393
104.08386651445556,37.24622433785598
108.0838665144556,37.12448086530428
101.0838665144556,38.17795330001849
109.0838665144556,38.04607255658761
103.0838665144556,41.73408884174914
105.0838665144556,40.23229465231238
91.08386651445556,40.05794361968493
88.08386651445556,40.90157608351796
84.08386651445556,41.075301268840605
78.08386651445556,41.156468974463394
80.08386651445558,40.438562280308965
72.08386651445558,40.08699134394618
72.08386651445558,37.73111126179182
71.08386651445556,37.469081770959676
70.08386651445558,37.70670483408049
68.08386651445556,37.99656027232947
70.08386651445558,37.51321532618469
69.08386651445556,36.22982648295201
71.08386651445556,36.157184531827895
70.08386651445558,34.666829440351385
71.08386651445556,34.40591175836178
72.08386651445558,34.26801188400448
96.0838665144556,33.88046443067377
97.0838665144556,37.66754490517579
93.08386651445556,36.17768871264899
92.0838665144556,36.165447495145614
84.08386651445556,35.42033584934966
82.08386651445558,35.596921011309426
73.08386651445556,36.09713472550727
69.08386651445556,35.85422430382548
66.08386651445556,36.20591086830789
62.08386651445557,36.599739435157744
61.08386651445558,36.42812951669479
64.08386651445556,36.49891171484593
63.08386651445557,37.25687425368509
61.08386651445558,37.116751570230974
89.08386651445556,37.08304395189006
102.08386651445556,43.8299220914582
108.0838665144556,39.33621634605342
93.08386651445556,40.78415774951078
84.08386651445556,40.74445606647917
83.08386651445556,40.305460568621925
77.08386651445556,40.22810454800546
75.08386651445558,38.721132159421366
77.08386651445556,37.79314049214628
76.08386651445558,36.88541042921754
68.08386651445556,36.868269975512774
70.08386651445558,37.41432660049426
69.08386651445556,38.068899002860164
70.08386651445558,37.27221640712382
73.08386651445556,37.27271126313228
72.08386651445558,37.70067761727158
68.08386651445556,36.03244200546022
66.08386651445556,35.23209812213187
62.08386651445557,34.75303950229567
61.08386651445558,34.91010615251002
60.08386651445557,34.63638124124266
62.08386651445557,33.928131516547424
58.08386651445557,34.50167286470463
59.08386651445558,34.350722376006594
50.08386651445557,34.22171697238958
45.08386651445557,33.79037799666322
46.08386651445557,33.7447825138838
52.083866514455565,33.74666895026898
50.08386651445557,33.80027592542065
52.083866514455565,33.88535558099267
54.08386651445558,33.93274532109688
50.08386651445557,34.08686547573145
45.08386651445557,34.13465870137197
45.08386651445557,33.6983016269716
48.08386651445558,33.26307738470823
48.08386651445558,33.38583078398308
47.08386651445557,33.31128703329705
49.08386651445558,32.87729103658409
49.08386651445558,32.87729103658409
52.083866514455565,32.87729103658409
49.08386651445558,32.877286185054594
49.08386651445558,32.877286185054594
48.08386651445558,32.87729103658409
52.083866514455565,32.87729103658409
49.08386651445558,32.87729103658409
43.08386651445557,33.94550969519743
43.08386651445557,33.647061389625094
41.08386651445557,33.560133301315595
33.08386651445557,33.44152795975871
42.08386651445557,33.34712366449788
49.08386651445558,36.55817719056491
49.08386651445558,37.90192876377064
49.08386651445558,37.00108463837138
47.08386651445557,36.428139219753774
46.08386651445557,35.93202343080246
47.08386651445557,36.95532501217739
50.08386651445557,36.68119014666773
46.08386651445557,36.61215935066417
46.08386651445557,36.73318964838015
46.08386651445557,36.64828626504644
47.08386651445557,35.82841093256069
51.08386651445558,35.949488128395124
48.08386651445558,36.018846402639575
43.08386651445557,36.24782727455383
44.08386651445557,36.01913102570326
46.08386651445557,34.60188686653536
48.08386651445558,33.55349317461385
46.08386651445557,33.58237432969579
46.08386651445557,33.75304709437802
46.08386651445557,33.65283956125328
44.08386651445557,32.87729103658409
47.08386651445557,32.87729103658409
48.08386651445558,32.877286185054594
43.08386651445557,32.877286185054594
48.08386651445558,32.87729103658409
46.08386651445557,32.87729103658409
45.08386651445557,32.87729103658409
46.08386651445557,32.87729103658409
46.08386651445557,32.87729103658409
47.08386651445557,32.87729103658409
50.08386651445557,32.87729103658409
48.08386651445558,32.87729103658409
56.08386651445558,32.87729103658409
52.083866514455565,34.14054603241379
53.08386651445558,33.77883701658358
50.08386651445557,33.67069965849976
56.08386651445558,33.52723912275329
54.08386651445558,33.4152763336629
59.08386651445558,33.36426573537915
54.08386651445558,33.3492114393571
55.08386651445557,33.35498637663229
53.08386651445558,33.375278707332114
54.08386651445558,33.42262478367087
55.08386651445557,33.49463765313717
56.08386651445558,33.5443868537523
58.08386651445557,33.57363995942883
54.08386651445558,33.735463534312736
51.08386651445558,33.63482259788647
54.08386651445558,32.87729103658409
58.08386651445557,32.87729103658409
56.08386651445558,32.87729103658409
57.08386651445557,32.87729103658409
52.083866514455565,32.87729103658409
60.08386651445557,32.87729103658409
59.08386651445558,33.59787011490185
49.08386651445558,33.39520798190809
51.08386651445558,33.33580504618675
51.08386651445558,33.25552355328499
53.08386651445558,33.19176717843041
49.08386651445558,33.162922409819686
53.08386651445558,33.160145717772224
51.08386651445558,33.16061227319196
52.083866514455565,33.17026034818042
50.08386651445557,33.2012511100043
51.08386651445558,33.24197970011229
51.08386651445558,33.26950242693571
55.08386651445557,33.28597498674671
55.08386651445557,33.4125319851454
57.08386651445557,33.337293657153374
52.083866514455565,32.87729103658409
49.08386651445558,33.82130730578017
57.08386651445557,33.55693452620209
101.0838665144556,38.105235341598956
101.0838665144556,39.69074752399622
100.08386651445556,39.0727928490798
98.08386651445556,38.18727793970729
98.08386651445556,37.848989682512745
96.0838665144556,38.309240539674505
97.0838665144556,38.55728468814993
99.08386651445556,40.640660827293104
96.0838665144556,40.16671814530905
93.08386651445556,40.27443503750333
91.08386651445556,43.796351124531384
93.08386651445556,44.242947351930326
89.08386651445556,47.468936311546784
79.08386651445556,45.83028694377059
83.08386651445556,46.22504457851868
82.08386651445558,44.20205219264301
97.0838665144556,43.22022229397702
92.0838665144556,44.34604397086915
98.08386651445556,46.27166615978622
99.08386651445556,49.154276799179954
103.0838665144556,48.08262568344911
98.08386651445556,48.96070724104749
95.08386651445556,47.51739338813982
96.0838665144556,50.03797642793319
93.08386651445556,51.50451940406147
92.0838665144556,48.636366322561955
93.08386651445556,47.90309321732131
95.08386651445556,47.20938595228643
96.0838665144556,50.23325049009479
93.08386651445556,50.62993418205227
84.08386651445556,51.668724271339016
82.08386651445558,49.924764369997916
104.08386651445556,48.518881684318345
102.08386651445556,50.30872088291431
105.0838665144556,47.26685393632763
87.08386651445558,46.19794555193779
82.08386651445558,44.2074600308531
80.08386651445558,42.72992348888984
78.08386651445556,40.85729293946685
87.08386651445558,39.775342026618766
96.0838665144556,44.20143119686769
92.0838665144556,41.43771537362404
83.08386651445556,40.804936850336574
93.08386651445556,41.182518453496925
88.08386651445556,41.16423142165491
89.08386651445556,40.49093130685123
82.08386651445558,43.585264310570075
76.08386651445558,43.64775201046179
91.08386651445556,41.4063647900293
88.08386651445556,43.77037118408728
95.08386651445556,42.532123397038006
95.08386651445556,43.63969847150059
101.0838665144556,44.074039735395914
96.0838665144556,44.85002085477838
94.08386651445556,45.208448619493666
90.08386651445556,43.48705156465591
92.0838665144556,45.60072227114047
96.0838665144556,46.62777489340305
93.08386651445556,48.90847890886057
96.0838665144556,49.02377389012557
96.0838665144556,47.75588487504019
94.08386651445556,45.72554403915656
96.0838665144556,44.67869555937911
102.08386651445556,44.299328593364706
100.08386651445556,46.4513085939159
85.08386651445558,46.44173490904636
87.08386651445558,44.69268090173583
86.08386651445558,43.38633381234598
80.08386651445558,43.59760660160458
81.08386651445558,43.73648001621382
80.08386651445558,43.229595448960765
84.08386651445556,41.77651061565078
80.08386651445558,39.94043472379384
76.08386651445558,38.532695519494304
72.08386651445558,37.091293169207546
68.08386651445556,37.118443945436375
70.08386651445558,36.336018377708456
68.08386651445556,36.36901362980189
56.08386651445558,37.42506869538378
57.08386651445557,35.55734627663293
59.08386651445558,34.867132112834234
53.08386651445558,35.52363461535077
51.08386651445558,35.18337421141663
50.08386651445557,34.77188203426483
57.08386651445557,34.74136914809617
98.08386651445556,40.16069254567664
77.08386651445556,42.12894997579312
75.08386651445558,40.64768907635442
69.08386651445556,40.96839458207194
67.08386651445556,40.311503957195825
69.08386651445556,39.437707108729505
89.08386651445556,39.125403643508555
75.08386651445558,42.781047289528466
75.08386651445558,39.47231468579169
67.08386651445556,40.470093987671504
66.08386651445556,40.32630435650765
58.08386651445557,40.92050028290028
58.08386651445557,40.65259073832056
57.08386651445557,40.70104296338411
56.08386651445558,41.06188678978776
51.08386651445558,40.8900100372026
55.08386651445557,38.3425511411851
43.08386651445557,39.534539594502434
44.08386651445557,38.30719804575724
40.08386651445557,38.014088039805564
40.08386651445557,38.69630284005575
41.08386651445557,39.13005787747047
38.08386651445557,36.94805014370009
33.08386651445557,39.092064741409246
75.08386651445558,37.993067979681534
79.08386651445556,46.879818319358606
90.08386651445556,40.24401109604208
87.08386651445558,42.512101134813385
87.08386651445558,44.98645718440477
86.08386651445558,44.56224753127087
80.08386651445558,42.7150373792236
79.08386651445556,43.99595921970824
88.08386651445556,42.86188994267512
85.08386651445558,45.090034104763575
94.08386651445556,46.23608504247211
92.0838665144556,46.64888551541098
90.08386651445556,46.71788073353157
97.0838665144556,47.78369707645679
97.0838665144556,49.96018376966221
91.08386651445556,50.38488989598106
90.08386651445556,48.026729594964195
110.08386651445556,47.53548312444906
97.0838665144556,51.89076907325236
97.0838665144556,46.82320743886147
98.08386651445556,47.69893762183142
112.08386651445556,46.75651831442735
129.0838665144556,50.51480738714309
128.08386651445556,57.34893705032037
131.08386651445556,61.10969070001941
126.0838665144556,74.46512017020285
123.08386651445556,86.22755316515521
130.0838665144556,84.93440061881444
113.08386651445556,83.08924751527293
92.0838665144556,64.95268424335957
88.08386651445556,46.17243459267817
82.08386651445558,42.7075352974483
79.08386651445556,41.89385455953904
74.08386651445556,40.277481798026
67.08386651445556,39.522073589465805
69.08386651445556,36.362967006875
93.08386651445556,34.281782141886936
90.08386651445556,36.618595713127135
84.08386651445556,36.79263948221993
84.08386651445556,37.32449325460569
83.08386651445556,38.46728800743503
73.08386651445556,40.58185705546437
72.08386651445558,40.01576765661102
74.08386651445556,38.820768829242226
76.08386651445558,36.957920580457056
76.08386651445558,36.60706201034174
74.08386651445556,36.25483207455593
70.08386651445558,36.811419752893904
74.08386651445556,36.817049144284255
75.08386651445558,39.26132732818501
79.08386651445556,38.48124100626178
81.08386651445558,39.22076045572685
71.08386651445556,38.31883929077976
66.08386651445556,38.16669532582604
60.08386651445557,38.60737753877093
62.08386651445557,37.737520940842565
56.08386651445558,36.96927881959239
44.08386651445557,38.60364590400126
44.08386651445557,38.51975810750844
41.08386651445557,40.081580271383096
41.08386651445557,40.141572667938036
41.08386651445557,39.84981462153888
41.08386651445557,39.384753472883126
40.08386651445557,39.70713599062931
40.08386651445557,37.780482851694615
40.08386651445557,37.83171662033512
41.08386651445557,36.840068843148345
41.08386651445557,35.92055926660649
41.08386651445557,35.50205824651135
41.08386651445557,35.25079591680444
41.08386651445557,35.3695112263632
39.08386651445557,34.76921854457224
35.08386651445557,35.80404574285007
36.08386651445557,35.20067476559472
36.08386651445557,34.10670499701177
36.08386651445557,33.8972749803729
36.08386651445557,33.729762178568215
36.08386651445557,33.65422386433576
34.08386651445557,33.62163452354338
43.08386651445557,33.63895124948645
46.08386651445557,39.15181132713645
42.08386651445557,36.6142325709349
48.08386651445558,36.37020791464584
48.08386651445558,39.74939281252813
40.08386651445557,38.16756779254683
48.08386651445558,37.8397402415311
48.08386651445558,39.59498480047687
46.08386651445557,38.427676077699076
46.08386651445557,37.7340496714891
46.08386651445557,37.282794358598764
45.08386651445557,37.20541731468782
45.08386651445557,37.45312832480461
45.08386651445557,37.315099076327456
45.08386651445557,37.459238017614936
46.08386651445557,37.72501369780523
46.08386651445557,36.0930327573195
46.08386651445557,36.14147447073581
46.08386651445557,36.110155422082784
46.08386651445557,34.74104166985528
43.08386651445557,35.10817226989581
40.08386651445557,36.27019525128914
40.08386651445557,34.68955804744579
41.08386651445557,33.80859629850406
41.08386651445557,33.64826214317503
39.08386651445557,33.52034267357658
32.08386651445557,33.46256742600072
35.08386651445557,33.442287224124634
33.08386651445557,33.45205577876221
34.08386651445557,33.47800661002935
35.08386651445557,33.532906517791346
35.08386651445557,33.62027932963786
38.08386651445557,33.6788049471089
39.08386651445557,33.71129968307614
38.08386651445557,33.90453691143821
35.08386651445557,33.78290098112364
34.08386651445557,32.87729103658409
32.08386651445557,32.87729103658409
35.08386651445557,32.87729103658409
37.08386651445557,32.87729103658409
37.08386651445557,32.87729103658409
37.08386651445557,32.87729103658409
40.08386651445557,32.87729103658409
41.08386651445557,32.87729103658409
41.08386651445557,32.87729103658409
38.08386651445557,32.87729103658409
39.08386651445557,32.87729103658409
38.08386651445557,32.87729103658409
33.08386651445557,32.87729103658409
35.08386651445557,32.87729103658409
36.08386651445557,34.24550806444333
34.08386651445557,33.865431966534445
33.08386651445557,33.755354805241
34.08386651445557,33.60389894888726
34.08386651445557,33.483124165058
32.08386651445557,33.42855820424288
33.08386651445557,33.41045391334517
31.083866514455572,36.785454367038284
31.083866514455572,35.63259592486044
31.083866514455572,35.416933309997376
31.083866514455572,35.19492732032
30.083866514455572,34.96584780063935
31.083866514455572,34.86372633912895
31.083866514455572,35.04468596351644
31.083866514455572,34.90456489723883
31.083866514455572,33.909727239409285
31.083866514455572,33.98725872367581
31.083866514455572,34.11215003028132
36.08386651445557,34.21170341551252
35.08386651445557,38.95543354201481
36.08386651445557,36.76831876486301
35.08386651445557,36.40113722376279
36.08386651445557,34.73913501876386
36.08386651445557,34.366134068034754
36.08386651445557,34.1385722684977
36.08386651445557,34.01389928071944
36.08386651445557,33.96158685535461
35.08386651445557,33.901039767260784
41.08386651445557,33.92839188196364
35.08386651445557,42.87283661039166
36.08386651445557,36.85375581644114
51.08386651445558,36.398255415242936
74.08386651445556,44.402200424770285
69.08386651445556,42.8875270417016
64.08386651445556,38.51267487444618
78.08386651445556,37.536392699757364
73.08386651445556,39.608041883523605
79.08386651445556,39.73945364576999
83.08386651445556,42.757658065834526
92.0838665144556,40.95801392612978
91.08386651445556,43.650787450748965
73.08386651445556,47.53570629480581
75.08386651445558,48.30529148113777
70.08386651445558,48.68228119769977
70.08386651445558,45.655269634425856
61.08386651445558,45.61868910203583
58.08386651445557,46.12425728761932
61.08386651445558,44.30476554075176
60.08386651445557,42.16814871693377
82.08386651445558,42.7386530076273
80.08386651445558,49.176962551097155
78.08386651445556,46.51912327319279
76.08386651445558,46.28460357177209
86.08386651445558,49.92334125467947
76.08386651445558,47.96818780572817
87.08386651445558,46.06300511057226
80.08386651445558,45.619513862049935
73.08386651445556,43.72428003671115
71.08386651445556,42.32392809465553
89.08386651445556,46.24905479798794
87.08386651445558,49.48350482504315
85.08386651445558,48.307154468463736
84.08386651445556,49.684196428473825
80.08386651445558,52.67495089465736
76.08386651445558,52.40779333714933
82.08386651445558,48.642573045962166
76.08386651445558,47.852808731285265
74.08386651445556,48.736301361446735
83.08386651445556,46.033024275471526
78.08386651445556,46.51830174753169
80.08386651445558,45.73523254355747
80.08386651445558,44.554247359134116
82.08386651445558,45.19153133614566
76.08386651445558,49.06467875247186
78.08386651445556,47.32819344090559
84.08386651445556,47.291363863334844
85.08386651445558,47.66975405474432
84.08386651445556,46.82151587224432
76.08386651445558,47.55757698976791
80.08386651445558,46.20890353988982
84.08386651445556,47.77565000620159
83.08386651445556,47.03175852007355
84.08386651445556,44.87711017830027
81.08386651445558,46.27618616809879
78.08386651445556,48.04479669080245
73.08386651445556,49.820589094334764
78.08386651445556,50.03864917335646
74.08386651445556,50.57311630296336
75.08386651445558,48.705966364692884
76.08386651445558,47.58812545381953
77.08386651445556,45.25126013293138
75.08386651445558,45.30681984870466
73.08386651445556,44.03868178843855
